{
  "model_name": "model_v1",
  "dataset": "animals_user1",
  "class_names": [
    "cat",
    "dog",
    "elephant",
    "horse",
    "lion"
  ],
  "epochs": 10,
  "train_loss": [
    1.295837528967125,
    1.1254268869087465,
    1.0406799946515022,
    0.9875182092357888,
    0.9283630227908123,
    0.8761357055390573,
    0.8510522833205976,
    0.9361180182785809,
    0.8324491315113077,
    0.7834415723153174
  ],
  "train_acc": [
    0.4522784622235416,
    0.5288704170995993,
    0.5687249517589431,
    0.5899510167730444,
    0.6232744545049725,
    0.6454653406560784,
    0.658082232447677,
    0.6288407302953837,
    0.6682499628914947,
    0.6904408490426006
  ],
  "val_loss": [
    1.0224624987674222,
    1.0061758437312756,
    0.8265055608733464,
    1.0430796092242978,
    0.7771869374659353,
    0.7277276870323645,
    1.012180071714805,
    0.8998613583699178,
    0.5989738956800523,
    0.6927917696431071
  ],
  "val_acc": [
    0.5791583166332666,
    0.5938543754175016,
    0.648630594522378,
    0.575818303273213,
    0.6933867735470942,
    0.6993987975951904,
    0.6185704742818972,
    0.6499665998663995,
    0.7588510354041417,
    0.7120908483633934
  ],
  "best_val_acc": 0.7588510354041417,
  "test_loss": 2.4215705394744873,
  "test_acc": 0.4,
  "training_time_sec": 348.52314376831055
}